{
	"ambient": {
		"x": 0.10000000149011612,
		"y": 0.10000000149011612,
		"z": 0.10000000149011612
	},
	"default_material": "null",
	"main_camera": "128a9f61-d7cf-e44f-8f8b-f83ef4b8181a",
	"objects": [
		{
			"children": [],
			"components": {
				"Gameplay::Camera": {
					"clear_color": {
						"w": -431602080.0,
						"x": -431602080.0,
						"y": -431602080.0,
						"z": -431602080.0
					},
					"enabled": true,
					"far_plane": 1000.0,
					"fov_radians": 1.5707963705062866,
					"guid": "3a10fa68-5bcb-2f49-a21a-688fad63fcac",
					"near_plane": 0.10000000149011612,
					"ortho_enabled": false,
					"ortho_size": 10.0
				},
				"SimpleCameraControl": {
					"enabled": true,
					"guid": "846724bd-e993-004b-a0a7-ce01bd2db73a",
					"mouse_sensitivity": {
						"x": 0.5,
						"y": 0.30000001192092896
					},
					"move_speed": {
						"x": 1.0,
						"y": 1.0,
						"z": 1.0
					},
					"shift_mult": 2.0
				}
			},
			"guid": "57e99f27-bbb4-2643-911e-91f521410768",
			"hide_in_inspector": false,
			"name": "Main Camera",
			"parent": "null",
			"position": {
				"x": -9.0,
				"y": -6.0,
				"z": 15.0
			},
			"rotation": {
				"w": 0.8390066623687744,
				"x": 0.27095746994018555,
				"y": -0.1450120359659195,
				"z": -0.44902271032333374
			},
			"scale": {
				"x": 1.0,
				"y": 1.0,
				"z": 1.0
			}
		},
		{
			"children": [],
			"components": {
				"Light": {
					"color": {
						"x": 1.0,
						"y": 1.0,
						"z": 1.0
					},
					"direction": {
						"x": 0.0,
						"y": 0.0,
						"z": -1.0
					},
					"enabled": true,
					"guid": "11759b28-f40b-ee4e-b11b-4d892f0abd13",
					"intensity": 18.0,
					"params": {
						"x": 0.0,
						"y": 0.0,
						"z": 0.0
					},
					"range": 15.0,
					"type": "Point"
				}
			},
			"guid": "d32b8175-32aa-7c43-9c39-ba2b6ffec10f",
			"hide_in_inspector": false,
			"name": "Light",
			"parent": "null",
			"position": {
				"x": -13.0,
				"y": -10.0,
				"z": 3.0
			},
			"rotation": {
				"w": 1.0,
				"x": 0.0,
				"y": 0.0,
				"z": 0.0
			},
			"scale": {
				"x": 1.0,
				"y": 1.0,
				"z": 1.0
			}
		},
		{
			"children": [],
			"components": {
				"FirstPersonCamera": {
					"enabled": true,
					"guid": "ca206dd0-dee6-3646-abd3-396d5d3fb8d9"
				},
				"Gameplay::Camera": {
					"clear_color": {
						"w": -431602080.0,
						"x": -431602080.0,
						"y": -431602080.0,
						"z": -431602080.0
					},
					"enabled": true,
					"far_plane": 1000.0,
					"fov_radians": 1.0471975803375244,
					"guid": "128a9f61-d7cf-e44f-8f8b-f83ef4b8181a",
					"near_plane": 0.10000000149011612,
					"ortho_enabled": false,
					"ortho_size": 10.0
				}
			},
			"guid": "0dbd91f6-5472-324a-a3ac-8deec795026b",
			"hide_in_inspector": false,
			"name": "Detached Camera",
			"parent": "dc6a9f6f-c998-aa4e-8542-2db2635ac0f8",
			"position": {
				"x": 0.0,
				"y": 3.5,
				"z": 0.4000000059604645
			},
			"rotation": {
				"w": 1.0,
				"x": 0.0,
				"y": 0.0,
				"z": 0.0
			},
			"scale": {
				"x": 1.0,
				"y": 1.0,
				"z": 1.0
			}
		},
		{
			"children": [
				{
					"children": [],
					"components": {
						"FirstPersonCamera": {
							"enabled": true,
							"guid": "ca206dd0-dee6-3646-abd3-396d5d3fb8d9"
						},
						"Gameplay::Camera": {
							"clear_color": {
								"w": -431602080.0,
								"x": -431602080.0,
								"y": -431602080.0,
								"z": -431602080.0
							},
							"enabled": true,
							"far_plane": 1000.0,
							"fov_radians": 1.0471975803375244,
							"guid": "128a9f61-d7cf-e44f-8f8b-f83ef4b8181a",
							"near_plane": 0.10000000149011612,
							"ortho_enabled": false,
							"ortho_size": 10.0
						}
					},
					"guid": "0dbd91f6-5472-324a-a3ac-8deec795026b",
					"hide_in_inspector": false,
					"name": "Detached Camera",
					"parent": "dc6a9f6f-c998-aa4e-8542-2db2635ac0f8",
					"position": {
						"x": 0.0,
						"y": 3.5,
						"z": 0.4000000059604645
					},
					"rotation": {
						"w": 1.0,
						"x": 0.0,
						"y": 0.0,
						"z": 0.0
					},
					"scale": {
						"x": 1.0,
						"y": 1.0,
						"z": 1.0
					}
				}
			],
			"components": {
				"Gameplay::Physics::RigidBody": {
					"angular_damping": 0.004999999888241291,
					"colliders": [
						{
							"extents": {
								"x": 0.20000000298023224,
								"y": 0.20000000298023224,
								"z": 0.20000000298023224
							},
							"guid": "4eb903e2-5ea7-8b42-a528-906caafadb40",
							"position": {
								"x": 0.0,
								"y": 0.949999988079071,
								"z": 0.0
							},
							"rotation": {
								"x": 0.0,
								"y": 0.0,
								"z": 0.0
							},
							"scale": {
								"x": 1.0,
								"y": 1.0,
								"z": 1.0
							},
							"type": "Box"
						}
					],
					"enabled": true,
					"group": 1,
					"guid": "21175c34-c41e-3a47-86ec-e91fd71d28e0",
					"linear_damping": 0.6000000238418579,
					"mask": -1,
					"mass": 1.0,
					"type": "Dynamic"
				},
				"JumpBehaviour": {
					"enabled": true,
					"guid": "9050bf2b-4335-0d45-a228-78aeb906f63d",
					"impulse": 10.0
				},
				"PlayerControl": {
					"enabled": true,
					"guid": "3d0a8f18-7e98-334d-a911-92af92cedf38"
				}
			},
			"guid": "dc6a9f6f-c998-aa4e-8542-2db2635ac0f8",
			"hide_in_inspector": false,
			"name": "Player",
			"parent": "null",
			"position": {
				"x": 0.0,
				"y": 0.0,
				"z": 4.0
			},
			"rotation": {
				"w": 1.0,
				"x": 0.0,
				"y": 0.0,
				"z": 0.0
			},
			"scale": {
				"x": 1.0,
				"y": 1.0,
				"z": 1.0
			}
		},
		{
			"children": [
				{
					"children": [],
					"components": {
						"ParticleSystem": {
							"atlas": "309fe5e8-e246-e244-8bf9-8a2ef091b9d2",
							"emitters": [
								{
									"color": {
										"w": 1.0,
										"x": 1.0,
										"y": 1.0,
										"z": 1.0
									},
									"meta": [
										0.5,
										2.380000114440918,
										-107374176.0,
										0.03333333507180214,
										-107374176.0,
										2.5,
										4.5,
										0.5,
										2.0,
										-107374176.0,
										-107374176.0
									],
									"position": {
										"x": 0.0,
										"y": 0.0,
										"z": 0.0
									},
									"spawn_rate": 0.0,
									"tex_id": 4,
									"type": "SphereEmitter"
								}
							],
							"enabled": true,
							"gravity": {
								"x": 0.0,
								"y": 0.0,
								"z": -9.8100004196167
							},
							"guid": "4d53157f-6800-ff4d-9f84-874a649cc7c4",
							"max_particles": 1000
						}
					},
					"guid": "125d20f1-7278-ac49-ba37-0f7a643f801a",
					"hide_in_inspector": false,
					"name": "Particles",
					"parent": "10526676-0f1b-024c-bb51-d950f73393b2",
					"position": {
						"x": 0.0,
						"y": 0.0,
						"z": 0.0
					},
					"rotation": {
						"w": 1.0,
						"x": 0.0,
						"y": 0.0,
						"z": 0.0
					},
					"scale": {
						"x": 1.0,
						"y": 1.0,
						"z": 1.0
					}
				}
			],
			"components": {
				"EnemyBehaviour": {
					"enabled": true,
					"guid": "444f14c8-717e-054c-8045-93f82d7b16ca"
				},
				"Gameplay::Physics::TriggerVolume": {
					"colliders": [
						{
							"extents": {
								"x": 2.0,
								"y": 2.0,
								"z": 2.0
							},
							"guid": "902a2909-8331-b949-9c62-e3f790dc973e",
							"position": {
								"x": 0.0,
								"y": 0.0,
								"z": 0.0
							},
							"rotation": {
								"x": 0.0,
								"y": 0.0,
								"z": 0.0
							},
							"scale": {
								"x": 1.0,
								"y": 1.0,
								"z": 1.0
							},
							"type": "Box"
						}
					],
					"enabled": true,
					"group": 1,
					"guid": "238e38b3-1d8c-be4a-aa96-81551fb07189",
					"mask": -1
				},
				"RenderComponent": {
					"enabled": true,
					"guid": "7b3386c0-e1d4-a043-99d3-9a5bb7585df8",
					"material": "22a46022-c9f6-414f-b53b-552a2f24d004",
					"mesh": "38f7dff0-a333-3442-a29c-c563569bbf93"
				},
				"TriggerVolumeEnterBehaviour": {
					"enabled": true,
					"guid": "6fb8bd9b-2cc3-fb43-85d5-173ff9f7b7a8"
				}
			},
			"guid": "10526676-0f1b-024c-bb51-d950f73393b2",
			"hide_in_inspector": false,
			"name": "Enemy",
			"parent": "null",
			"position": {
				"x": -28.0,
				"y": -0.10000000149011612,
				"z": 11.0
			},
			"rotation": {
				"w": 1.0,
				"x": 0.0,
				"y": 0.0,
				"z": 0.0
			},
			"scale": {
				"x": 1.0,
				"y": 1.0,
				"z": 1.0
			}
		},
		{
			"children": [],
			"components": {
				"RenderComponent": {
					"enabled": true,
					"guid": "792bdf2f-94f2-5e48-bb4e-2366645613be",
					"material": "fd0c9606-b4f1-3c4c-9fa3-42b02ed2492a",
					"mesh": "ebb2dc35-eccb-ae4f-88a3-d63c37bb918b"
				}
			},
			"guid": "63594fe1-1fa3-6340-bba8-b3dd71fb0d28",
			"hide_in_inspector": false,
			"name": "Snake",
			"parent": "null",
			"position": {
				"x": -35.0,
				"y": 0.0,
				"z": 2.0
			},
			"rotation": {
				"w": 0.7071067690849304,
				"x": 0.7071067690849304,
				"y": 0.0,
				"z": 0.0
			},
			"scale": {
				"x": 3.0,
				"y": 3.0,
				"z": 3.0
			}
		},
		{
			"children": [],
			"components": {
				"RenderComponent": {
					"enabled": true,
					"guid": "480cd430-2106-e54b-b4ca-04b7723e390e",
					"material": "44622cd3-4a3d-3a42-9504-dce4c95e0b8f",
					"mesh": "1f4e99bf-ef5f-9f43-8d68-b37aa3ce1cbd"
				}
			},
			"guid": "a65eb8dd-ffca-f14b-a124-1a1f6ec5b224",
			"hide_in_inspector": false,
			"name": "Tree",
			"parent": "null",
			"position": {
				"x": -28.0,
				"y": -40.0,
				"z": 0.0
			},
			"rotation": {
				"w": 0.7071067690849304,
				"x": 0.7071067690849304,
				"y": 0.0,
				"z": 0.0
			},
			"scale": {
				"x": 3.0,
				"y": 3.0,
				"z": 3.0
			}
		},
		{
			"children": [],
			"components": {
				"Gameplay::Physics::RigidBody": {
					"angular_damping": 0.004999999888241291,
					"colliders": [
						{
							"extents": {
								"x": 50.0,
								"y": 50.0,
								"z": 1.0
							},
							"guid": "aec91f75-a843-fc40-bc88-5489d1df7490",
							"position": {
								"x": 0.0,
								"y": 0.0,
								"z": -1.0
							},
							"rotation": {
								"x": 0.0,
								"y": 0.0,
								"z": 0.0
							},
							"scale": {
								"x": 1.0,
								"y": 1.0,
								"z": 1.0
							},
							"type": "Box"
						}
					],
					"enabled": true,
					"group": 1,
					"guid": "d1b8d0ed-b3ec-674e-8c06-47bf8f22b124",
					"linear_damping": 0.0,
					"mask": -1,
					"mass": 1.0,
					"type": "Static"
				},
				"RenderComponent": {
					"enabled": true,
					"guid": "70d189c8-7102-6c4f-ba04-c910d6472c5d",
					"material": "f4ccac1f-75b2-744e-b5b4-ba0d3c60c408",
					"mesh": "9683e69b-59a7-eb42-a583-06d3d3e6c6b4"
				}
			},
			"guid": "560215af-ba73-1342-bef7-124eeefc3126",
			"hide_in_inspector": false,
			"name": "Plane",
			"parent": "null",
			"position": {
				"x": 0.0,
				"y": 0.0,
				"z": 0.0
			},
			"rotation": {
				"w": 1.0,
				"x": 0.0,
				"y": 0.0,
				"z": 0.0
			},
			"scale": {
				"x": 1.0,
				"y": 1.0,
				"z": 1.0
			}
		},
		{
			"children": [],
			"components": {
				"Gameplay::Physics::TriggerVolume": {
					"colliders": [
						{
							"extents": {
								"x": 2.0,
								"y": 2.0,
								"z": 2.0
							},
							"guid": "ac30913d-a020-1041-a3da-1123662e68ec",
							"position": {
								"x": 0.0,
								"y": 0.0,
								"z": 0.0
							},
							"rotation": {
								"x": 0.0,
								"y": 0.0,
								"z": 0.0
							},
							"scale": {
								"x": 1.0,
								"y": 1.0,
								"z": 1.0
							},
							"type": "Box"
						}
					],
					"enabled": true,
					"group": 1,
					"guid": "bda80c6a-0bd4-f04e-a0cf-3286d5ddac72",
					"mask": -1
				},
				"TriggerVolumeEnterBehaviour": {
					"enabled": true,
					"guid": "09af685a-6e24-cc47-8885-0a8da94b8a91"
				}
			},
			"guid": "0efe631c-3fad-9d49-bbd1-5429af785a1b",
			"hide_in_inspector": false,
			"name": "Win Trigger",
			"parent": "null",
			"position": {
				"x": -40.0,
				"y": -30.0,
				"z": 2.0
			},
			"rotation": {
				"w": 1.0,
				"x": 0.0,
				"y": 0.0,
				"z": 0.0
			},
			"scale": {
				"x": 1.0,
				"y": 1.0,
				"z": 1.0
			}
		},
		{
			"children": [],
			"components": {
				"ShadowCamera": {
					"bias": 9.999999747378752e-06,
					"color": {
						"w": 1.0,
						"x": 1.0,
						"y": 1.0,
						"z": 1.0
					},
					"enabled": true,
					"flags": 0,
					"guid": "7e344e3a-8d3f-a84e-ba18-e2e3bc129c4d",
					"intensity": 1.0,
					"mask": "null",
					"normal_bias": 9.999999747378752e-05,
					"projection": [
						{
							"w": 0.0,
							"x": 0.5773502588272095,
							"y": 0.0,
							"z": 0.0
						},
						{
							"w": 0.0,
							"x": 0.0,
							"y": 0.5773502588272095,
							"z": 0.0
						},
						{
							"w": -1.0,
							"x": 0.0,
							"y": 0.0,
							"z": -1.0020020008087158
						},
						{
							"w": 0.0,
							"x": 0.0,
							"y": 0.0,
							"z": -0.20020020008087158
						}
					],
					"range": 100.0,
					"resolution": {
						"x": 512,
						"y": 512
					}
				}
			},
			"guid": "1df830ab-5e27-b443-bc9e-5e285f5c0afe",
			"hide_in_inspector": false,
			"name": "Shadow Light",
			"parent": "null",
			"position": {
				"x": 22.0,
				"y": -31.0,
				"z": 33.0
			},
			"rotation": {
				"w": 0.8413243293762207,
				"x": 0.20526887476444244,
				"y": 0.12828926742076874,
				"z": 0.4833010733127594
			},
			"scale": {
				"x": 1.0,
				"y": 1.0,
				"z": 1.0
			}
		},
		{
			"children": [],
			"components": {
				"ParticleSystem": {
					"atlas": "309fe5e8-e246-e244-8bf9-8a2ef091b9d2",
					"emitters": [
						{
							"color": {
								"w": 1.0,
								"x": 1.0,
								"y": 1.0,
								"z": 1.0
							},
							"meta": [
								0.5,
								2.380000114440918,
								-107374176.0,
								0.03333333507180214,
								-107374176.0,
								2.5,
								4.5,
								0.5,
								2.0,
								-107374176.0,
								-107374176.0
							],
							"position": {
								"x": 0.0,
								"y": 0.0,
								"z": 0.0
							},
							"spawn_rate": 0.0,
							"tex_id": 4,
							"type": "SphereEmitter"
						}
					],
					"enabled": true,
					"gravity": {
						"x": 0.0,
						"y": 0.0,
						"z": -9.8100004196167
					},
					"guid": "4d53157f-6800-ff4d-9f84-874a649cc7c4",
					"max_particles": 1000
				}
			},
			"guid": "125d20f1-7278-ac49-ba37-0f7a643f801a",
			"hide_in_inspector": false,
			"name": "Particles",
			"parent": "10526676-0f1b-024c-bb51-d950f73393b2",
			"position": {
				"x": 0.0,
				"y": 0.0,
				"z": 0.0
			},
			"rotation": {
				"w": 1.0,
				"x": 0.0,
				"y": 0.0,
				"z": 0.0
			},
			"scale": {
				"x": 1.0,
				"y": 1.0,
				"z": 1.0
			}
		},
		{
			"children": [],
			"components": {
				"ParticleSystem": {
					"atlas": "309fe5e8-e246-e244-8bf9-8a2ef091b9d2",
					"emitters": [
						{
							"color": {
								"w": 1.0,
								"x": 1.0,
								"y": 0.10000000149011612,
								"z": 0.0
							},
							"meta": [
								0.0,
								0.0,
								2.0,
								0.3333333432674408,
								40.0,
								1.0,
								5.0,
								3.5,
								5.5,
								-107374176.0,
								-107374176.0
							],
							"position": {
								"x": 0.0,
								"y": 0.0,
								"z": 0.0
							},
							"spawn_rate": 0.0,
							"tex_id": 2,
							"type": "ConeEmitter"
						}
					],
					"enabled": true,
					"gravity": {
						"x": 0.0,
						"y": 0.0,
						"z": 0.0
					},
					"guid": "461bb7f1-72de-aa4e-a7b3-f32b5441b2f1",
					"max_particles": 1000
				}
			},
			"guid": "8d49fb23-a958-5041-a779-4297d0f764ad",
			"hide_in_inspector": false,
			"name": "snakeFire",
			"parent": "null",
			"position": {
				"x": -28.0,
				"y": -0.10000000149011612,
				"z": 11.0
			},
			"rotation": {
				"w": 0.7071067690849304,
				"x": 0.0,
				"y": 0.7071067690849304,
				"z": 0.0
			},
			"scale": {
				"x": 1.0,
				"y": 1.0,
				"z": 1.0
			}
		},
		{
			"children": [],
			"components": {
				"ParticleSystem": {
					"atlas": "309fe5e8-e246-e244-8bf9-8a2ef091b9d2",
					"emitters": [
						{
							"color": {
								"w": 1.0,
								"x": 1.0,
								"y": 0.5,
								"z": 0.0
							},
							"meta": [
								0.0,
								0.0,
								-2.0,
								0.3333333432674408,
								90.0,
								3.0,
								7.0,
								1.5,
								3.5,
								-107374176.0,
								-107374176.0
							],
							"position": {
								"x": 0.0,
								"y": 0.0,
								"z": 0.0
							},
							"spawn_rate": 0.0,
							"tex_id": 1,
							"type": "ConeEmitter"
						}
					],
					"enabled": true,
					"gravity": {
						"x": 0.0,
						"y": 0.0,
						"z": -9.8100004196167
					},
					"guid": "51fe2354-2c8b-cc49-96a2-6ddffcf3562c",
					"max_particles": 1000
				}
			},
			"guid": "84b3a5fe-7788-634a-8097-6f9893f94d7b",
			"hide_in_inspector": false,
			"name": "leaves",
			"parent": "null",
			"position": {
				"x": -30.0,
				"y": -26.5,
				"z": 21.5
			},
			"rotation": {
				"w": 0.026176994666457176,
				"x": -0.9996573328971863,
				"y": 0.0,
				"z": 0.0
			},
			"scale": {
				"x": 1.0,
				"y": 1.0,
				"z": 1.0
			}
		},
		{
			"children": [],
			"components": {
				"GuiPanel": {
					"border": -1,
					"color": {
						"w": 0.0,
						"x": 1.0,
						"y": 1.0,
						"z": 1.0
					},
					"enabled": true,
					"guid": "c1d89d6b-7938-014b-85e9-d574bbc9a5ec",
					"texture": "e9224f99-d315-0b4c-8cb5-776e270480d9"
				},
				"RectTransform": {
					"enabled": true,
					"guid": "bf65e636-6ef7-5942-918d-a58b551ec659",
					"half_scale": {
						"x": 400.0,
						"y": 300.0
					},
					"position": {
						"x": 400.0,
						"y": 300.0
					},
					"rotation": 0.0
				}
			},
			"guid": "ba6aa249-dac9-ef49-a386-954e04c9272a",
			"hide_in_inspector": false,
			"name": "Win Text",
			"parent": "null",
			"position": {
				"x": 0.0,
				"y": 0.0,
				"z": 0.0
			},
			"rotation": {
				"w": 1.0,
				"x": 0.0,
				"y": 0.0,
				"z": 0.0
			},
			"scale": {
				"x": 1.0,
				"y": 1.0,
				"z": 1.0
			}
		},
		{
			"children": [],
			"components": {
				"GuiPanel": {
					"border": -1,
					"color": {
						"w": 0.0,
						"x": 1.0,
						"y": 1.0,
						"z": 1.0
					},
					"enabled": true,
					"guid": "777ab330-5511-6841-bf73-4f1a754ea358",
					"texture": "aa596551-d2ee-d042-b32c-1bcd68b3e1b9"
				},
				"RectTransform": {
					"enabled": true,
					"guid": "e1f6eaa8-7d1f-8c49-b1ad-1c13f9f1b019",
					"half_scale": {
						"x": 400.0,
						"y": 300.0
					},
					"position": {
						"x": 400.0,
						"y": 300.0
					},
					"rotation": 0.0
				}
			},
			"guid": "d97b23bc-f720-084b-8fa8-d3e6df75e8a7",
			"hide_in_inspector": false,
			"name": "Lose Text",
			"parent": "null",
			"position": {
				"x": 0.0,
				"y": 0.0,
				"z": 0.0
			},
			"rotation": {
				"w": 1.0,
				"x": 0.0,
				"y": 0.0,
				"z": 0.0
			},
			"scale": {
				"x": 1.0,
				"y": 1.0,
				"z": 1.0
			}
		}
	],
	"skybox": {
		"mesh": "null",
		"orientation": {
			"w": 0.7071067690849304,
			"x": 0.7071067690849304,
			"y": 0.0,
			"z": 0.0
		},
		"shader": "c4e362cd-7ec3-5d48-9c7d-5e4a93cf4724",
		"texture": "b2a899a7-2fd2-e34d-ae1c-ca08303310ae"
	}
}